{"cameraMode":{"drawMode":0,"name":"Shaded","section":"Shading Mode"},"sceneLighting":true,"audioPlay":false,"sceneViewState":{"showFog":false,"showMaterialUpdate":false,"showSkybox":false,"showFlares":false,"showImageEffects":false,"showParticleSystems":false},"in2DMode":false,"pivot":{"x":30.013694763183595,"y":-68.84586334228516,"z":76.84996795654297},"rotation":{"x":-0.3635272979736328,"y":-0.14392264187335969,"z":0.05695074051618576,"w":-0.9186534285545349},"size":127.80451965332031,"orthographic":false}