{"cameraMode":{"drawMode":0,"name":"Shaded","section":"Shading Mode"},"sceneLighting":false,"audioPlay":false,"sceneViewState":{"showFog":false,"showMaterialUpdate":false,"showSkybox":false,"showFlares":false,"showImageEffects":false,"showParticleSystems":false},"in2DMode":false,"pivot":{"x":5.427402019500732,"y":-6.34195613861084,"z":4.6607136726379398},"rotation":{"x":-0.4607076644897461,"y":-0.01962350681424141,"z":0.010045431554317475,"w":-0.8875128030776978},"size":10.61214542388916,"orthographic":false}